index,text,year
1,नये भारत में रेल अब धीरे नही चलेगी उसकी स्पीड भी तेज होगी  #IndianRailways,2019
2,"Here is the complete list of #IndianRailways Twitter handle account of GM and DRM. 

Share your problems, queries and thoughts with them!",2019
3,"पहली बार 166 वर्षों में, भारतीय रेलवे ने वर्ष 2019 में 0 यात्रियों की मौत की सूचना दी 1960-61 में सबसे अधिक दुर्घटनाएं 2131 थी जिसमें भारी कमी आई और इस साल राष्ट्रीय परिवहन में 0 मौतें हुईं यह भारतीय रेलवे के लिए एक बड़ी उपलब्धि है
#IndianRailways https://pic.x.com/s2eopchphe",2019
4,"Dear 
@IRCTCofficial
  @RailMinIndia
  @PiyushGoyal
 
This is how your trains get cleaned across the country.
Your staff throws away garbage from the running trains 
Please train them and hire more people to do the work. #SwachhBharat  #IndianRailways",2019
5,"यात्रियों को मोबाइल पर मिलेगी ट्रेन लेट होने की सूचना, एक्शन प्लान तैयार..

शुक्रिया 
@PiyushGoyal
 जी

#trains #IndianRailways",2019
6,"सुरक्षित सफर की ओर अग्रसर भारतीय रेल

भारतीय रेलवे के 166 साल के लंबे इतिहास में ऐसा पहली बार हुआ कि वित्त वर्ष 2019-20 में अभी तक ट्रेन दुर्घटना में किसी भी यात्री की जान नहीं गई। #IndianRailways",2019
7,"#Listentoexperts #NoToIRMS #YestoTwoServices #GetTheReformRight #IndianRailways 
@PiyushGoyalOffc
 @PiyushGoyal
 @PMOIndia
 @upsc
 @DoPTGoI",2019
8,Shri @bibekdebroy submitted a beautiful report after consultations with all stakeholders after numerous field visits. Recommended 2 services.That is true consensus #NotoIRMS @PMOIndia @PiyushGoyal,2019
9,"Beautiful Pic of Palace Queen Humsafar Express.
© Jacob's Eye 
#irailways #indianrailways #udaipur #mysuru #palacequeen #humsafar
@Mysuru_Infra
 @MysuruRailUsers
 @HubballiRailway
 @BelagaviRailway
 @SWRRLY",2019
10,"#NoToIRMS #YestoTwoServices #GetTheReformRight #IndianRailways 
@PiyushGoyalOffc
 @PiyushGoyal
 @PMOIndia
 @upsc
 @DoPTGoI",2019
11,"First time in 166 years, Indian Railways reports zero passenger deaths in FY19
https://businesstoday.in/current/economy-politics/first-time-in-166-years-indian-railways-reports-zero-passenger-deaths-in-fy19/story/392584.html?utm_source=twitter&utm_medium=WEB…

via NaMo App #IndianRailways #NewIndia",2019
12,"SWR will run 06925/06926 Belagavi - Shedbal - Belagavi Jansadharan Passenger Special. Using the LHB Rake of Belagavi Superfast Express.
Frequency :- Daily 
@SureshAngadi_ 
@SWRRLY
 @drmsbc
 @drmubl
 @BelagaviRailway
 @HubballiRailway
 
#irailways #indianrailways #bengaluru #belagavi",2019
13,"#IndianRailways #Gwalior station to be revamped with airport-like world class facilities! 

Striking images:
 https://financialexpress.com/photos/business-gallery/1806358/indian-railways-gwalior-station-to-be-revamped-with-airport-like-world-class-facilities-striking-images/…",2019
14,"सुरक्षित सफर की ओर अग्रसर भारतीय रेल

भारतीय रेलवे के 166 साल के लंबे इतिहास में ऐसा पहली बार हुआ कि वित्त वर्ष 2019-20 में अभी तक ट्रेन दुर्घटना में किसी भी यात्री की जान नहीं गई।

#IndianRailways 
@PiyushGoyal
 @BJP4India
 @BJYM4JHUNJHUNU",2019
15,"Safest Year for Indian Railways

ReadMore>> https://english.tupaki.com/politicalnews/article/Safest-Year-for-Indian-Railways/94743…
#indianrailways #irctc #piyushgoyal #railways",2019
16,"To clear extra rush of Passengers One way Special train will run Tomorrow.
06004 Nagercoil - Chennai Special fare.
@DrmChennai
 @SRailwayIndia
 
#irailways #indianrailways #nagercoil #chennai",2019
17,"The 
@SurenderNada
-led CISF will battle against the likes of Sunil- Parvesh, Shrikant Jadhav,Rohit Gulia, and Vikas Khandola from Indian Railways in the men's summit clash.

#indianrailways 
#Cisf 
#Final 
#DeendayalTrophy 
#Kabaddi360",2019
18,"#Bikaner: बॉर्डर इलाके के रेल्वे स्टेशन में सुरक्षा मानकों पर लापरवाही ! 

 रेल्वे स्टेशन पर लगेज स्कैनिंग मशीन खराब, इसके चलते बिना स्कैन ही जा रहा सामान
#IndianRailways 
@RailMinIndia
 @NWRailways
 @PiyushGoyal
 @drmbikaner
 @GMNWRailway
 @kunwarraghav",2019
19,"રેલવેમાં મદદ માટે પણ ચૂકવવા પડશે રૂપિયા, હેલ્પલાઈન નંબર 139 પર માહિતીનો લાગશે આટલો ચાર્જ
@RailMinIndia
#LetsTalkCity #IndianRailways #RailwayHelpline
#Gujarat #India
Via http://tv9gujarati.in http://bit.ly/2QtX3rR",2019
20,Needed more consultation. Reforms should be in a phase wise manner and not in a disruptive manner #NotoIRMS #IndianRailways #YestoTwoServices,2019
21,"Matheran Light Railway | Shuttle services between Aman Lodge-Matheran to resume from tomorrow. 
#Maharashtra #IndianRailways #NewsUpdate",2019
22,"#Jaipur |Railways installed 500 fog devices in trains. Yet trains are not operating on time. Railways loss 300 crore due to cancellation because of fog.
#IndianRailways #Fig #RevenueLoss #Rajasthan",2019
23,"2019ರಲ್ಲಿ ರೈಲ್ವೆ ಅಪಘಾತದಿಂದ ಒಂದೂ ಸಾವು ಸಂಭವಿಸಿಲ್ಲ: ಹೊಸ ದಾಖಲೆ!
#IndianRailways #Accident #Passengers
http://kannada.asianetnews.com/india-news/indian-railways-zero-passenger-deaths-reported-in-fy20-first-time-in-166-years-q344ow…",2019
24,"Captain Lalitha & Captain Amandeep from #IndianArmy facilitated in premature delivery of a passenger while traveling on Howrah Express. Both mother & baby are hale & hearty.
#IndianRailways #NewsAlert #Update",2019
25,"#GujaratNews | After successful run of Lucknow-Delhi Tejas Express, second premium #Tejas train is ready to run between Ahmedabad and #Mumbai. Inaugural run of second #TejasTrain will be flagged off from #Ahmedabad on 17th January, 2020.
#IndianRailways #NewsAlert #Gujarat",2019
26,"Train photography 

#railroad #trains #train #rail #railway #railways #of #railfan #trainspotting #photography #world #our #railfans #graffiti #indianrailways #fr #railroadphotography #benchingtrains #trainstagram… https://instagram.com/p/B6mZIilhqyM/?igshid=2kuybm01dq88…",2019
27,"Standing in depth of the storm 
j15ggladen 

#railroad #trains #train #rail #railway #railways #of #railfan #trainspotting #photography #world #our #railfans #graffiti #indianrailways #fr #railroadphotography… https://instagram.com/p/B6j0oUvBCQi/?igshid=v9aih6xk31yz…",2019
28,"Zero passenger deaths with #IndianRailways
 In 2019 - first time in 166 years. Kudos to the railway men 
@OMRcat
 @iamsrk
 @richardrekhy
 https://livemint.com/news/india/indian-railways-zero-passenger-deaths-reported-in-2019-first-time-in-166-years-11577319892369.html…",2019
29,UPSC Indian Railway Management Service (IRMS) From Next Recruitment Cycle: Railway Board https://careerindia.com/news/upsc-indian-railway-management-service-irms-from-next-recruitment-cycle-railway-board-026065.html… #railway #upsc #rrb #newsalert #IndianRailways,2019
30,#IndianRailways gives an all-new makeover to Wardha Junction!,2019
31,#IndianRailways: 150 Private trains to run on 100 routes - The Economic Times https://m.economictimes.com/industry/transportation/railways/indian-railways-150-private-trains-to-run-on-100-routes/articleshow/73011575.cms… #transformingindia,2019
32,`3 விபத்து; 0 உயிரிழப்பு; 2019 பாதுகாப்பான ஆண்டு!' ரயில்வேத் துறை பெருமிதம் #IndianRailways https://vikatan.com/news/india/no-deaths-due-to-rail-accidents-in-2019…,2019
33,#IndianRailways set to roll out 44 improved #VandeBharat #trains; 5 cool facts about the new 160 kmph trains,2019
34,"देशभरात १५० खासगी रेल्वे धावणार, मुंबईतून २६
https://maharashtratimes.indiatimes.com/india-news/150-private-trains-to-run-on-100-routes-soon-bids-will-be-invited/articleshow/73014686.cms…
#railway 
#IndianRailways",2019
35,"Indian Railways is increasingly depending on extra budgetary resources as the share of internal resources in capex shrinks
@shinejac
#IndianRailways

http://mybs.in/2XBXxEQ",2019
36,"ರೈಲ್ವೆಗೆ ಹಾನಿ ಮಾಡಿದವರ ವಿರುದ್ಧ ಕ್ರಮ ಕೈಗೊಳ್ಳಿ : ಮಮತಾಗೆ ಗೋಯಲ್
#PiyushGoyal #MamataBanerjee #IndianRailways #ViolentProtest 
@RitamAppKannada
 #KannadaNews 
Read More @ 
https://news13.in/archives/145029",2019
37,"Indian Railways led by Union Minister for Railways 
@PiyushGoyal
 has identified total of 100 routes for introduction of 150 privatised passenger trains, bids for which are expected to be invited in January 2020
@PiyushGoyalOffc
#IndianRailways",2019
38,"कोई है जो अभी #पदमावत #padmawatexpress एक्सपरेस ट्रैन में यात्रा कर रहा हो, #IRCTC #IndianRailways 
@IRCTCofficial
 
@indianrailway__
 @RailMinIndia
 
@PiyushGoyal
 ji , मेरे पिता जी यात्रा कर रहे है और उनका फ़ोन बन्द ज रहा है उनको आपातकालीन सूचना देनी थी उनका #PNR 2753006357 मदद करे",2019
39,"In its 166-year-long history, #IndianRailways reports zero passenger deaths in #FY19, marking a big achievement for it on the #safety front. 

#PMModi #BJP #BJP4India #ThursdayThoughts #NewIndia #solareclipse2019 
@BJP4India
 @BJP4Andhra
 @BJP4Telangana
 

https://businesstoday.in/current/economy-politics/first-time-in-166-years-indian-railways-reports-zero-passenger-deaths-in-fy19/story/392584.html?utm_source=twitter&utm_medium=WEB…",2019
40,"Matheran's heritage toy train resumes its journey through mountains

#Matheran
#IndianRailways",2019
41,"No decision on increasing passenger and freight fares: Railway Board Chairman #IndianRailways #Fares 
https://indiatvnews.com/news/india/railway-board-chairman-passenger-freight-fares-574794…",2019
42,"Economic Times: Indian Railways: 150 Private trains to run on 100 routes.
https://economictimes.indiatimes.com/industry/transportation/railways/indian-railways-150-private-trains-to-run-on-100-routes/articleshow/73011575.cms?UTM_Source=Google_Newsstand&UTM_Campaign=RSS_Feed&UTM_Medium=Referral…

via 
@GoogleNews
#Katyayan 
#India 
#IndianRailways 
#railway 
#rail_station",2019
43,"Not #RRB but #UPSC to conduct #Railwaysrecruitment exams; read important details

#IndianRailways #RailwayRecruitment2020 #RRBjobs2020

http://catchnews.com/education-news/not-rrb-but-upsc-to-conduct-railways-recruitment-exams-from-2020-read-important-details-181503.html?utm_source=CatchNewsFacebook&utm_medium=Social…",2019
44,"#Maharashtra #Tourism Bodhalkasa hill resort Ad's posters now on Pune - Mumbai Deccan Queen rake. Video link:
https://youtu.be/XXRUOZ5k2_E
#IndianRailways #Mumbai #Pune 
@IRfacts
 @IndianRailMedia",2019
45,சென்னை- கோவை.. சென்னை- டெல்லி உள்பட முக்கியமான 100 வழித்தடத்தில் 150 தனியார் ரயில்கள்.. விவரம்  https://tamil.oneindia.com/news/india/indian-railways-selected-100-routes-to-run-150-private-passenger-train-372649.html… #train #indianrailways #இந்தியரயில்வே,2019
46,"Beautiful! #IndianRailways gives a new makeover to Wardha Junction Railway Station;

Under 
@RailMinIndia
 's station redevelopment plan, the Wardha Junction railway station has been upgraded with many modern facilities & passenger-friendly amenities.

https://financialexpress.com/infrastructure/railways/beautiful-indian-railways-gives-a-new-makeover-to-wardha-junction-railway-station-see-pics/1804661/…",2019
47,"Indian Railways has recorded zero passenger deaths in rail accidents in 2019, making it the national transporter's safest year in history, according to official data; there were two staff deaths: PTI #indianrailways #railways",2019
48,"தொடர்வண்டி கட்டணத்தை உயர்த்தும் திட்டத்தை கைவிட வேண்டும்...

#IndianArmy
#IndianRailways 
#Tamilnadu #Chennai #PMK #PattaliMakkalKatchi 

https://zeenews.india.com/tamil/india/government-should-drop-the-plan-to-increase-the-price-of-train-ticket-price-327626…",2019
49,"Electrification of the Konkan Railway Corporation Ltd's (KRCL) route would be complete within a year, Railway Minister Piyush Goyal said on Friday #indianrailways #konkanrailway #railways",2019
50,Indian Railways is going to introduce new Tejas Express train between Ahmedabad and Mumbai Central. The new Tejas Express will run six day a week except on Thursdays: Mint #indianrailways #tejasexpress #mumbai #ahmedabad #train #railways #rail,2019
51,"#NewIndia 
Transforming #IndianRailways 
Big Push For Indian Railways: Bids To Be Called For 150 Privatised Trains On 100 Routes In January 2020 https://swarajyamag.com/insta/big-push-for-indian-railways-bids-to-be-called-for-150-privatised-trains-on-100-routes-in-january-2020… via 
@swarajyamag",2019
52,"#Tejas: The second premium Tejas train of the IRCTC, the tourism & catering arm of the Indian Railways, is ready to run between Ahmedabad & Mumbai, sources said. #IRCTC #IndianRailways #Ahmedabad #Mumbai 
@IRCTCofficial
 
http://bit.ly/2Q4PNnl",2019
53,"#NewIndia
Transforming #IndianRailways
Laudable effort by #ModiGovt to transform niche tourism -creating jobs &opportunities

IRCTC Buddhist Circuit Tourist train a hit! With over 85% occupancy, luxury tourist offering gains traction -The Financial Express https://financialexpress.com/infrastructure/railways/irctc-buddhist-circuit-tourist-train-a-hit-with-over-85-occupancy-luxury-tourist-offering-gains-traction/1806263/…",2019
54,"ચિંતા ન કરતાં, તમારી ટ્રેનની ટિકિટ ખોવાઈ જાય તો પણ કરી શકો છો મુસાફરી, જાણો શું કરવું

#IndianRailways #TrainTicket #Passenger 

https://vtvgujarati.com/news-details/know-what-to-do-if-you-lost-your-train-ticket…",2019
55,"#IndianRailways: #Mumbai-#Ahmedabad #TejasExpress train operated by #IRCTC will NOT RUN on this one day in the entire week, confirms #WesternRailway https://zeebiz.com/india/news-mumbai-ahmedabad-tejas-express-will-not-run-on-this-one-day-in-the-entire-week-116453…",2019
56,"ഇനി 139; റെയിൽവേ സേവനങ്ങളെല്ലാം ഒറ്റ നമ്പരിലേക്ക്; പോലീസിനേ വിളിക്കാൻ 182

#India #IndiaNews #IndianRailways

https://malayalam.news18.com/photogallery/india/railway-passangers-can-use-helpline-number-139-from-1st-january-ar-189495.html…",2019
57,"राज्यरानी-लिच्छवी एक्सप्रेस समेत 369 ट्रेनों को #IndianRailways ने कर दिया कैंसिल, यहां देखें पूरी लिस्ट http://zeebiz.com/hindi/railways/indian-railways-delayed-and-cancelled-trains-list-today-check-irctc-trains-full-list-at-enquiryindianrailgovin-16842…",2019
58,"इनका मशहूर होना जरूरी है। 
@RailwaySeva
 @RailMinIndia",2019
59,"भारतीय रेल आपकी संपत्ति है, कृपया इसे धरना प्रदर्शन का माध्यम ना बनाएं।

ध्यान रखें, कोई इससे रोजाना नौकरी पर जाता है, तो कोई इलाज कराने या कोई अपनी परीक्षा में शामिल होने के लिए इसका इस्तेमाल करता है 

अनायास रेल रुकने से यात्रियों को परेशानी होती है और परिचालन भी बाधित होता है।",2019
60,This is Dangerous and a punishable offence ! Please never try to reach under any stationary wagon or coach. It may move without giving any warning. Cross Railway track only from authorised locations. STAY ALERT STAY SAFE !!!,2019
61,"I had a big expectations from Modi Gov. to work on train's lateality. But still no improvement in train's lateality.  
I share a screenshot to show how delay train is running. 
@Indianrailway18
 @RailMinIndia
 @RailwaySeva
 @narendramodi",2019
62,"Kindly please look in to this matter, We are travelling by 12956 from Vikramgarh alot to Mumbai,We are hereby facing a lot of problem  due to local passengers sleeping all around in reservation coach From S-9,S-8 and not even able to sleep properly  
@RailMinIndia
 @PiyushGoyalOffc",2019
63,"रविवार, 29 दिसम्बर को नईदुनिया में पुरस्कृत हुआ पत्र।
@PiyushGoyalOffc
 @PiyushGoyal
 @RailMinIndia
 @WesternRly
 @IndianRailMedia
 @RailwaySeva
@nitin_gadkari",2019
64,"R/ sir
       कड़ाके की ठंड पड़ रही है, रोडसाइड एवं यार्ड में काम करने वाले कर्मचारी ठंड से बेहाल है , अतः  अनुरोध है की स्टेशन मास्टर जो रोडसाइड या यार्ड में काम करते हैं उनके लिए तत्काल प्रभाव से हीटर का प्रबंध कराने के कृपा करें ।
@RailMinIndia
 @GM_ECRly
 @gmwcrailway
 @gmnr",2019
65,"Hello 
@IRCTCofficial
 @RailMinIndia
Me and my parents are traveling from ahmedabad to Jodhpur I'm suryanagri train 12480
I'm in HA1 coach which is half 1st class and half 2nd class coach and there are cockroaches in whole coach and we are not able to sleep because of that.",2019
66,"ट्रको में ओवर लोडिंग देखा है और अब ट्रेन की बोगी में भी ओवर लोडिंग अति है जो स्टेशन की छत को उखड़ते चली गई आज दोपहर रायगढ़ की घटना 
@PiyushGoyalOffc
 @PiyushGoyal
 @IndianRailMedia
 @RailMinIndia
 @OfficialDMRC
 @RailwaySeva
 @PMOIndia",2019
67,"@RailMinIndia
 लखनऊ से गाड़ी 2घंटे देरी से चली। कानपुर में 3घंटे देरी से आई।  कानपुर से आगे मात्र 30किमी ही पहुंची कि गाड़ी 8घण्टे देर से है। अभी भी खड़ीहै। यह हाल तो पूर्ण ac गाड़ी का है। ac बन्द पड़ा है। डिब्बे ठंडे पड़े है। यात्री पूरे गर्म कपड़े के साथ कम्बल ओढ़े हुए लेटे हैं।",2019
68,"And he’s passed away .. probably a good thing as he was really suffering and beyond a point of cure .. hope this can lead to some serious thought and scrutiny for further prevention of such accidents ..RIP  
@PiyushGoyal
 @PiyushGoyalOffc
   @RailMinIndia
 @RailNf
 @moefcc
 @PMOIndia",2019
69,"One of the trains burned by ""peaceful protesters"" in #WestBengal. This train should be taken across #India so that people know the truth since #media will not tell it. A bogey should be preserved at the Railway Museum. #CAA_NRC_support",2019
70,"@PiyushGoyal
@railways_india
 
@KumarBoard 
why train is 3 hrs late in traveling just 75 kms?

Will 
@RailMinIndia
 blame fog?
when there is a will, there is a way.
If we choose to run on time, WE CAN.
@GM_NRly
 
@gmner_gkp
 
is inter zone rivalary is delaying the trains?",2019
71,"...

There's no mercy to the Passengers Trains by #IndianRailways being delayed always.

4+ Hours Delays ?

57305 - #Kacheguda to #Guntur 

Why don't 
@SCRailwayIndia
 @PiyushGoyal
 had they ever boarded these Passengers Trains to understand the agony?",2019
72,"#YestoTwoServices #NotoIRMS #SaveIndianRailways
#GetTheReformRight
#LendUsAnEar
@PMOIndia
@PiyushGoyal
@RailMinIndia
 https://t.co/eMQF9fcvLv",2019
73,"@PiyushGoyal
 @RailMinIndia
 plz close the rail madad where you cannot complain more than three times a day",2019
74,"There is nothing called finishing work in India. The finishing is done by paan eaters. By the way I'm not blaming any elected representative. This is the fault of bureaucracy. Jokes apart,  I Don't expect any MP to micromanage MPLAD projects.",2019
75,"@drmbct
 @RailwaySeva
 @RailMinIndia
 @PiyushGoyalOffc
 @Gmwrly
 Dadar-WR Extreme North Virar-End Bridge linking to Tilak RoB.. In Extreme Darkness, posing a grave risk to Pax as its only 0100hrs and 2 services to ccG and atleast 3 more towards BA are pending.
Immediate Action Pls",2019
76,"#YestoTwoServices #NotoIRMS #SaveIndianRailways #SafetyFirst #NeverConsented  
@PMOIndia
 @DoPTGoI
 @PiyushGoyal
  @rashtrapatibhvn
  @RailMinIndia
 https://t.co/mYfyYOw1wD",2019
77,"सेना की इन 2 महिला अफसरों ने ट्रेन में किया ऐसा काम कि यात्री बोले - ` #IndianArmy जिंदाबाद`
@adgpi
 #IndianArmy 
@RailMinIndia",2019
78,"As simple as it is. #NotoIRMS #YestoTwoServices 
@PMOIndia
 @PiyushGoyalOffc
 @RailMinIndia
 @the_hindu",2019
79,"@RailMinIndia
 @PiyushGoyal
 @PiyushGoyalOffc
 This is absolutely unacceptable. Women and senior citizens are travelling in 12278. Please prioritize movement immediately. More than 10 hours delayed! 86 year old lady travelling. Are you listening?",2019
80,"My PNR NO2634538490 gorakpur to nashik not working blower 
@RailMinIndia
 @IRCTCofficial",2019
81,"#YestoTwoServices #NotoIRMS #SaveIndianRailways
#GetTheReformRight
#LendUsAnEar
@PMOIndia
@PiyushGoyal
@RailMinIndia",2019
82,"Poor service by 
@IRCTCofficial
 . They r least botherd about the users. I never received any help eve after sending e mail response. 
@PiyushGoyal
 @RailMinIndia",2019
83,"Cant you folks plan in advance and announce trains. You expect us to wait till last day to make our year end celebrations plan. Or this train is for touts and this posting is just an eyewash 
@PiyushGoyal
 @PiyushGoyalOffc
 @RailMinIndia
 @PMOIndia
 @NWRailways
 @WesternRly",2019
84,"#YestoTwoServices 
#NotoIRMS 
#YestoTwoServices 
#NotoIRMS 
#SaveIndianRailways 
@PiyushGoyalOffc
 @DoPTGoI
 @PMOIndia",2019
85,"Train No. 51421 is stuck at kanhegaon from last 4 hours. What the hell is wrong? 
@RailMinIndia",2019
86,"1/2
12278 Shatabdi express mismanagement at its peak, inhuman behavior by Rail, people are left to starve, no solid food since 9 AM..12 hours late..complaints are closes saying we don't have pantry
@RailwaySeva
 @RailMinIndia
 @ABPNews
 @rpferhwh
 @IRCTCofficial
 @ndtv",2019
87,",
@RailMinIndia
 @IRCTCofficial
 @irctcsouthzone
 .Hi I am traveling in Gt express 12615 Chennai to Agra pnr no 4513798838 i had food from pantry Car the food was delicious and very good service also I received pos bill etc seems very good improve Irctc thanks Irctc and Indian",2019
88,"@AmitShah
 @narendramodi
 
Sir in Festival session, lots of passenger want to go back..
And elevator going up is not working... Results lots of difficulty (for senior citizen, children, women) N money to Kuli.... plz help 
@drmadiwr
 
@RailMinIndia
 @RailwaySeva",2019
89,"Train 13242 For the last two months I find that AC 2 and AC 3 passangers have to fetch their own bedding. There is no attendant. Tonight no blankets have yet been supplied. Its freezing. Help. 
@RailMinIndia
 @RailwaySeva",2019
90,"Very true.
@PiyushGoyal
 @PiyushGoyalOffc
 @RailMinIndia
 @PMOIndia
 @narendramodi
 @AmitShah",2019
91,"Moving to 2 services- Administrative and Technical, is needed so that we can have Railways of 21st century.#YestoTwoServices #NotoIRMS #SaveIndianRailways 
@RailMinIndia
 @PiyushGoyalOffc",2019
92,"Dear 
@PiyushGoyal
 and 
@RailMinIndia
  please let me know how do you maintain to make train no 07049 to run always late?",2019
93,"@RailMinIndia
 @eastcoastrail
 @drmsambalpur
 @DRMKhurdaroad
 
Sir please look into it.",2019
94,"12457 train late 1.5 hrs.. passengers have to stay at platform in this freezing weather.... So much of inconvenience. 
@PiyushGoyal
  @IRCTCofficial
  @RailwaySeva
 @RailMinIndia",2019
95,"Some passengers (B-3/63) have boarded from CDG in place of UMB (as per reserved ticket) in train no. 12450 but due to mutual settlement between TTE revenue loss to IR.
@drmumb 
@srdcmambala
 @RailMinIndia
 @RailwayNorthern
 @GM_NRly",2019
96,"@RailMinIndia
 I am having worst travelling nightmare in my life. I am travelling in cdg lko exp (15011) pnr no 2105881221. Currently my ticket stands as RAC and railway staff denied to provide any bedding despite chilling temperature of 2 degree. (1/n)",2019
97,"The #so_called #merger of #services #planned by the #govt in #Rlys is #more of a #conspiracy & #less of #stupidity
 https://kanafoosi.com/?p=877&frame-nonce=cf990dcf89…
@PiyushGoyal
@PiyushGoyalOffc
@PMOIndia
@RailMinIndia
@DoPTGoI
@NITIAayog",2019
98,"#We are not #against the #merger nor we are #status_quoist.. #We are #simply #against the #destruction of #civil_services #identity
 https://kanafoosi.com/?p=877&frame-nonce=cf990dcf89…
@PiyushGoyal
@PiyushGoyalOffc
@RailMinIndia
@FinMinIndia
@DoPTGoI
@NITIAayog",2019
99,"@SCRailwayIndia
 @RailMinIndia
 I booked a dormitary bed at Yeshwantpur. The details are Confirm TID: 6000953995 Ref No.: YPRRR1700153 DOJ: 29/12/2019 07:15:00 RR: YPR PAX: KAVITA Fare: 95.0 SC: 11.8. I am badly being bitten by bed bugs. I shifted from bed 9 to 11 and still. Shame.",2019
100,"@RailMinIndia
 PNR-6334363545
Trn:12565 I have observed this situation in last one week that this train reach right time at Kanpur. After this, it delayed by very much to reach NDLS. Today also it travels just 130 Kms in 4.45 hrs. Is it how we achieve punctuality in train timing",2019
101,"@RailMinIndia
 300 मिनट में 30 किमी। यह है गति 22122 नम्बर गाड़ी की। जय हो।",2019
102,"@cwcnlmb
 LOOK INTO THIS MATTER & TAKE N/A",2019
103,"Train number -14863 What is the time of Marudhar Express coming to Nihalgarh(NHH) station ? Because today's just not yet starred from varanasi jn (BSB)
@RailwaySeva
 @drmbsbner
 @RailMinIndia
 
PNR-2405413292 ( Poonam Pandey)",2019
104,"@RailMinIndia
 @WesternRly
 @PiyushGoyalOffc
 Hello Team, Both the charging sockets are not working where we are sitting right now.Could you please look into this as well. Seat number : 73,74 Coach : S4 Train number:12471",2019
105,"@narendramodi
 @PiyushGoyal
 @RailMinIndia",2019
106,"The way trains get predictably delayed between these stations can't be coincidence but some terrible system in between that no matter which train, which time of year or hour of day, problem comes from these stations only like no one from 
@RailMinIndia
 even trying",2019
107,"MATTER FORWARDED TO 
@drmncrald
  FOR N/A.",2019
108,"SIR, ADVISED TO C&W/BADNERA STAFF FOR LOOKING THIS MATTER.....",2019
109,Your train delay due to upgradation work progress at GOY. Inconvenience caused is deeply regretted,2019
110,Kindly share your PNR and mobile number .,2019
111,"Matter fwd to 
@commctortm",2019
112,"GOOD READ 
@etimes
 Editorials : Cadre merger at the Railways welcome: https://economictimes.indiatimes.com/blogs/et-editorials/cadre-merger-at-the-railways-welcome/…
@smart_mumbaikar
 @RidlrMUM
 @Indianrlyinfo
 @railmazdoor
 @RailMinIndia
 @anujg
 @PiyushGoyal
 @PiyushGoyalOffc
 @FastNewsDelhi
 @FastNewsExtra",2019
113,"@DRMKhurdaroad
 issue forwarded to concerned officials",2019
114,"who will pay for repair??? Centre or State ?? we want to know Sir 
@PiyushGoyal
 @PiyushGoyalOffc
 @RailMinIndia",2019
115,"@RailwaySeva
 Please can you tell us why the train no 22686 is running late by 4 hours? I have booked from UBL to YPR. Who is responsible for this late? I will be late for my work as well. My pnr no 2305845214. 
@SWRRLY
 @RailMinIndia",2019
116,"Excellent job done by 
@RailMinIndia",2019
117,"@PiyushGoyal
 @WesternRly
 @drmbct
 @RailMinIndia
 Have sent the list of 74 PNR who want to get down at Virar which consists of proc 100+ senior citizens. It will be difficult to get down at virar coming return for Bvi due to peak hour rush. Pls provide halt at Virar",2019
118,"@RailMinIndia
 pls don't given any new trains to westbengal 
@MamataOfficial",2019
119,Inconvenience regretted. Necessary instructions imparted to ticket checking staff for action.,2019
120,बहुत बहुत आभार दोनो बहनो का ,2019
121,"For a Suvidha train supposedly a premium train, pricing alone cannot make it premium. Running horribly late, unclean toilets, rusted side tables, no TTE to check tickets, unreserved crowd getting in reserved need to be addressed. 
@RailMinIndia
 @indianrailway__
 @IRCTCofficial",2019
122,How can they charge more than MRP......,2019
123,"Let this run like this.  Let it remind all of us of what happened and what needs to be done.
@PiyushGoyal
 @HMOIndia
 @RailMinIndia",2019
124,Aap chinta na kre ab bhaisaab UP Police ki sharan me aa jayenge,2019
125,"This is the Golden Chariot Train- Luxury Tourist Train from Bangalore to Goa. It has two restaurants, a lounge bar, Gym and Spa!! ENJOY..Its Indian Railways!! ",2019
126,"Vande Bharat has been the next leap forward for Indian Railways not only in terms of transportation, but also for passenger services.

The hospitality extended to travellers in Vande Bharat Express is setting new standards.",2019
127,Changing face of Railways: How Indian Railways is competing with world-class airports in terms of amenities and convenience.,2019
128,How to travel ticketless on Indian Railways and not get caught by the TC.,2019
129,"मुझे अभी किसी ने याद किया क्या?
बहुत हिचकी आ रही है..

मोहब्बत हमारी भी, बहुत असर रखती है,
बहुत याद आयेंगे, जरा भूल के तो देखो...",2019
130,"Safety First: First time in 166 years, Indian Railways had zero passenger deaths in the current financial year.

https://m.businesstoday.in/story/first-time-in-166-years-indian-railways-reports-zero-passenger-deaths-in-fy19/1/392584.html…",2019
131,"'देश नहीं बिकने दूंगा...' जैसी बड़ी-बड़ी बात करने वाले अब भारत की शान - 'भारतीय रेल' को ही निजी कंपनियों को सौंपने की तैयारी करने में जुटे हैं, लगता है जाते-जाते सबकुछ बेच के जाना चाहते हैं!",2019
132,"पहले से और अधिक बेहतर सुविधाओं वाला वन्देभारत एक्सप्रेस का दूसरा रैक दिल्ली पहुँचा। 

इस रैक में न टूटने वाले कांच की खिड़कियाँ और विशेष कैटल गार्ड लगाया गया है, साथ ही पैंट्री की जगह भी अधिक दी गयी है।",2019
133,"#IndianRailways #shatabdisuperfastexpress #ConsumerForum 

17 hours and still going on stuck at Bhadrak Odisha. There is no chance for the train to leave by night. How long does it take to remove a pillar from tracks and normalise things?!!!",2019
134,"#Coldwaves shocked TTE of #IndianRailways as he saw headless passenger. #winter #CHILLING 
@RailwayNorthern
 @News18India",2019
135,"#IndianRailways 
@PiyushGoyal
 sir what is the value of our money train no. 12752  train with dianamic fare and late by 3 hours almost horrible condition of indian railway. Please do something.... 
Regards 
Indian citizens who are actually suffering",2019
136,"With so many goods & passenger trains, managing railway traffic is one of the most challenging tasks of Indian Railways! Such mammoth tasks are carried out through control rooms. Take a look at the vintage control room cabin of Elphinstone Road. #WRHeritage",2019
137,"RT 
@aarish_qpr
: RT @UmsiNFR: ""What really ails Indian Railways? Is the wholesale cadre merger a solution in a true sense? ""
Lucid article by a senior in railways that supports the reforms initiative and highlights the challenges ahead.
#NationFirst #Indi…",2019
138,"भारतीय रेल देश की लाइफ-लाइन है। अब भाजपा सरकार ने भारतीय रेल को भी सबसे बुरी हालत में लाकर खड़ा कर दिया है। कुछ दिनों बाद बाकी सरकारी उपक्रमों की तरह भाजपा सरकार रेलवे को भी बेंचना शुरू कर देगी। 

क्योंकि भाजपा सरकार की स्किल बनाना नहीं बेंचना है।",2019
139,This actually is a brilliant Idea. And Indian Railways must be having thousands of these in the junkyards across India.,2019
140,"Kind Special Attention :
Shri  .@nitin_gadkari  ji
Shri .@PiyushGoyal ji

Forwarding this bright idea.
Old Railway Bogies could be
used as small bridges. Could be
painted well to suit the Environment

राष्ट्रदेवो भव",2019
141,"Bulk Booking for Indian Railways Trains on IRCTC
Here is guideline and conditions to do help in bulk booking of berths for people travelling for marriage, tournaments, educational tours/field trips, etc https://irctchelp.in/bulk-booking-for-indian-railways-trains-on-irctc/…",2019
142,"Why is Ladies Boggie  in  Express train like a match box ?
Indian Women do travel.
Today I traveled Ladies Dabba Lonavla to Dadar,#ChennaiExpress
#IndianRailways #EmpoweringIndianwomen
@PMOIndia",2019
143,"#NewsTalk: भिया 1 जनवरी 2020 से भारतीय रेलवे में यात्रियों की सुविधाओं एवं शिकायतों के लिए केवल एक ही हेल्पलाइन नंबर 139 काम करेगा।

इसके साथ ही यात्री रेलवे की एप्प 'रेल मदद' और 'ट्विटर हैंडल' पर भी शिकायत दर्ज करा सकेंगे।

#IndianRailways #139Helpline #Indore #IndoreTalk",2019
144,"अलग अलग ऐप व हेल्पलाइन नंबरों से मिलेगा छुटकारा। 01 जनवरी 2020 से शिकायत, सुझाव, सेवा तथा पूछताछ के लिए बस एक 'रेल मदद' ऐप व एक 139 हेल्पलाइन नंबर। साथ ही 182 सुरक्षा हेल्पलाइन।

रेल मदद वेबसाइट: http://railmadad.indianrailways.gov.in
रेल मदद ऐप : https://play.google.com/store/apps/details?id=cris.railmadad…",2019
145,"Indian Railways stand out in an outstanding performance to claim a resounding victory over CISF to win the Deen Dayal Trophy! 

#IndianRailways
#CISF
#DeenDayalTrophy
#Kabaddi360 
#KabaddiResults
#FinalLigaMX",2019
146,"10TV News Telecast on
""Atmospheric Water Generator” (Water from Air) Kiosk Installed at #Secunderabad Railway Station - First of its kind over Indian Railways #water 
@drmsecunderabad
 @RailMinIndia",2019
147,"Indian Railways signed off 2019 with a winning victory similar to how they had done at the start of the year courtesy of some top-notch performances.

#RohitGulia
#Kabaddi360 
#KabaddiResults
#IndianRailways 
#topperformance",2019
148,"In what was an all-round performance from the Indian Railways, they defeat Kerala Queens in a one-sided final clash.

#indianrailways 
#Winner
#womenskabaddi
#DeendayalTrophy 
#kabaddi360",2019
149,"Consultations and deliberations are necessary, as have often been emphasized by Hon'ble MR and Hon'ble PM. A chance to hear us out will go a long way reforming Indian Railways. We look to you eagerly with a lot of expectations for justice!
#YestoTwoServices 
#GetTheReformsRight",2019
150,"Piyush Goyal said that for the first time in its history, zero deaths had taken place on the Indian Railways.

But how do we reconcile this with the estimated eight deaths that occur per day on the tracks of the local Mumbai trains?",2019
151,"Biryani by the always-awesome Sree Subbu Mess + Convenient Upper berth allocation by Indian Railways + Engaging time travel novella that blends climate fiction, historical fantasy by @kellyoyo = A most splendid, thoroughly enjoyable lunch...",2019
152,"Civil servants have been leader in growth & development of railway. 
We will be even more important going forward for safety and security of indian railways. We want to be part & parcel of future growth. Don't snatch our identity.

#Getreformsright
#NotoIRMS
#YestoTwoServices",2019
153,"Technocrats act as administrators only in PSUs, whose core competencies are in consonance with that of the technocrats. 
Indian Railways are no PSUs.
#YestoTwoServices
#NotoIRMS
#SaveIndianRailways
#GetTheReformsRight",2019
154,"#Indian #Railways Conduct Trial Run of Double #Stack #Train on Newly Built #Rewari-#Madar Section of Western Dedicated #Freight #Corridor
http://portwings.in/indian-railways-conduct-trial-run-of-double-stack-train-on-newly-built-rewari-madar-section-of-western-dedicated-freight-corridor/…",2019
155,"A EXPRESS TRAIN PASSING ON STATION FATEHPUR.

P.C. KASERA

#FATEHPUR,#INDIANRAILWAYS,#railgadi ,#JOURNEY. @ Hosakote https://instagram.com/p/B6qwgqdHldA/?igshid=1dw4r1d2ifhds…",2019
156,"अधर में लटकी मध्य प्रदेश की तीर्थ दर्शन योजना, करतारपुर साहिब की ट्रेन को है हरी झंडी का इंतजार
#MadhyaPradesh #KamalNath #KartarpurCorridor #IndianRailways #MPGovernment
https://jagran.com/politics/national-pilgrimage-scheme-of-madhya-pradesh-hangs-train-of-kartarpur-sahib-is-waiting-for-the-green-signal-19888101.html…",2019
157,"CSE : We didn't ask for it! We hate it!

ESE : We didn't ask for it....buut we love it?

#yestoirms #NotoIRMS #WhyToIRMS
#IndianRailways 
#Merger",2019
158,"online swasthya patrika: #Indian railways https://vivekahuja288.blogspot.com/2019/12/indian-railways.html?spref=tw… 
@IndianRailMedia
 
#IndianRailways 
#rail 
#ConsumerForum",2019
159,"The Perfect Frame
Metre Gauge + Semaphore !!
IZN YDM4 Taking Sunbath Along with Metre Gauge Inspection Coaches at Pilibhit Junction !!

#pilibhit #metregauge #ydm4 
#indianrailways #iznydm4 #northeasternrailway… https://instagram.com/p/B6prEroJCwa/?igshid=ftdq7skebdu4…",2019
160,"Indian Railways has selected 100 routes to run 150 private passenger train rakes and bids for the routes are likely to be invited next month 
@RailMinIndia
 
https://indsamachar.com/indian-railways-150-private-trains-to-run-on-100-routes/…
#IndianRailways",2019
161,"#IndianRailways, no water in 19022 lucknow to bandra A1 toilet. Can somebody look",2019
162,"#IndianRailways mgr-Src Special train why it's is so delay today.
7:30hr late.same of you",2019
163,#IndianRailways its harassment.....I never use rail in future#wrost journey of my life,2019
164,"RT 
@aarish_qpr
: RT 
@ChaudharyNoopur
: Don't want to see Indian Railways' future as that of BSNL/Air India!
Indeed Reforms are the need of hour But not in haste!!
Right reforms, Right direction with Right intention!! Save Railways!!
#GetTheReformsRight 
@PiyushGoyalOffc
@PMOIn
…",2019
165,"150 privately operated trains on 100 routes. Bids in January.
 https://swarajyamag.com/insta/big-push-for-indian-railways-bids-to-be-called-for-150-privatised-trains-on-100-routes-in-january-2020…",2019
166,"#IndianRailways 
22964 bvc bdts  SF express from Ahmedabad junction  to bandra terminus ..
In coach A1 there is no attendant to help us with a fresh pair of blankets",2019
167,"#IndianRailways #PiyushGoyal  Falaknuma Express 12704 coming from Hyderabad to Howrah, is standing at Cuttak Rail station for last 2 and half hours!!! No  announcement is going!!! Do you think railway passengers are not human being???",2019
168,#PiyushGoyal  #IndianRailways  my PNR is 4819532725.From morning 11.30 am to 4.00 pm Falaknama express(12704) is standing at Cuttak station!!! If their is issue how other trains you are passing???,2019
169,"I have booked ticket and it failed to complete ticket booking. It cut the amount from my account and ticket booking is not completed successfully. #IndianRailways #indianrailway    Now, it kills our time in calling and calling. Hope the concerned ministry resolve it.",2019
170,"First time in 166 years, Indian Railways reports zero passenger deaths in FY19.. congratulations.. 
@RailMinIndia
@Indianrailway18
@RailwaySeva
@PiyushGoyalOffc
@PiyushGoyal
#railways #IndianRailways",2019
171,"Complain against 
@indianrailways
 and 
@RailMinIndia
 .saari train utter pradesh me aate hi let hone lagati h.reason kya h.aisa lagta h saare signal maintainer research karne lagate hai apane padhai http://par.my pnr no 4401650398.",2019
172,#indianrailway #IndianRailways ask one question that why new Delhi tickets counters distribute the tickets as per our requirements in Express train for general coach#ask   the question #newdelhi railway board #newdelhiraileay,2019
173,"Do you think private players will offer better passenger train services than #IndianRailways?

Read: Indian Railways: 150 private trains to run on 100 routes - https://bit.ly/2QwUDbI",2019
174,"MComplain against 
@indianrailways
 and 
@RailMinIndia
  train let hone ka jimma kaun lega. Train 3-4 ghante let chal rahi h.passenger ko destination pr aage k liye koi suvidha nahi ho raat me kaun jimma lega.passenger kaha jayega.",2019
175,"#indianrailways 
@IRCTC
 

Coach No. B-10 Train No. 22692, departed NZM on 28/12/2019 was stated not to have heating/warming facilities for foods etc. Also the hot
water for tea was not being served in insulated and water was being served in
paper cups despite repeated objections",2019
176,"In a major boost for the Indian Railways, commercial trial runs have begun on the Western Dedicated Freight Corridor stretch of 300 kilometers between Rewari in Haryana & Madar in Rajasthan on 27 December. Full Operations Set To Begin From March 2020.

https://swarajyamag.com/insta/commercial-trials-begin-on-western-dedicated-freight-corridor-full-operations-set-to-begin-from-march-2020…",2019
177,"#IndianRailways 
@IRCTCofficial
 

The catering incharge felt sorry for discrepancies and stated that remedial action is being taken at their end to improve services.  However, a sincere suggestion for non recurrence of such incidences in future for inconvenience of the passengers.",2019
178,"Indian Railways has selected 100 routes to run 150 private passenger train rakes and bids for the routes are likely to be invited next month.

Mumbai-Chennai
Thiruvananthapuram-Guwahati
New Delhi-Bengaluru
New Delhi-Chennai
Kolkata-Chennai
Chennai-Jodhpur https://m.economictimes.com/industry/transportation/railways/indian-railways-150-private-trains-to-run-on-100-routes/articleshow/73011575.cms?utm_source=twitter_pwa&utm_medium=social&utm_campaign=socialsharebuttons…",2019
179,"Indian Railways: 150 private trains to run on 100 routes
http://ecoti.in/z5EZNb22",2019
180,"Big Push For Indian Railways: Bids To Be Called For 150 Privatised Trains On 100 Routes In January 2020 https://swarajyamag.com/insta/big-push-for-indian-railways-bids-to-be-called-for-150-privatised-trains-on-100-routes-in-january-2020… via 
@swarajyamag",2019
181,"Every ministry needs an independent finance/accounts department to ensure financial prudence and accountability. But merger in railways has removed this as well! 
#NotoIRMS
#dopt 
#SaveIndianRailways 
#SaveIndia 
#upsc 
#pmoindia 
@PiyushGoyal
 ",2019
182,Indian Railways set to roll out 44 improved Vande Bharat trains; Check 5 cool facts about the new 160 kmph trains > https://financialexpress.com/infrastructure/railways/indian-railways-set-to-roll-out-44-improved-vande-bharat-trains-5-cool-facts-about-the-new-160-kmph-trains/1804473/…,2019
183,"Indian Railways इन रूट्स समेत 100 मार्गों पर दौड़ाएगी 150 प्राइवेट ट्रेन, वित्त मंत्रालय ने दी हरी झंडी
https://jansatta.com/utility-news/indian-railway-150-private-trains-on-new-100-routes-irctc/1268561/…",2019
184,"12798 VENKATADRI EXP schedule (time table), depart from station CHITTOOR to KACHEGUDA #IndianRailways https://trainpath.in/train-schedule/12798-venkatadri-exp-chittoor-kacheguda…",2019
185,"12618 MNGLA LKSDP EXP schedule (time table), depart from station H NIZAMUDDIN to ERNAKULAM JN #IndianRailways https://trainpath.in/train-schedule/12618-mngla-lksdp-exp-h-nizamuddin-ernakulam-jn…",2019
186,"11071 KAMAYANI EXPRESS schedule (time table), depart from station LOKMANYATILAK T to VARANASI JN #IndianRailways https://trainpath.in/train-schedule/11071-kamayani-express-lokmanyatilak-t-varanasi-jn…",2019
187,Indian Railways Passenger and Freight Earnings Down in 8 Months of FY20 https://railpost.in/indian-railways-passenger-and-freight-earnings-down-in-8-months-of-fy20/… #Data Updates #Featured #Finance #News,2019
188,"பாஜக ஆட்சியில் 150 தனியார் ரயில்கள் விடப்பட இருக்கின்றன!

பொதுத்துறை முழுவதும் தனியார் மயமாக்கி, பெருமுதலாளிகளுக்கு சொந்தமாக்கி வருகிறார்கள்!

இவர்கள் போய் தேசபக்தி, தேச ஒற்றுமை பற்றி பேசுகிறார்கள்!

https://tamil.oneindia.com/news/india/indian-railways-selected-100-routes-to-run-150-private-passenger-train-372649.html…",2019
189,"Women’s Finals : Kerala takes on the best
Indian Railways captain Payel Chowdhury
vs
Kerala Queens led by Vidya V

https://kabaddiadda.com/tournament/39-deendayal-trophy---kerala-kabaddi-league-season-3-women/match-center/740311/indian-railways-vs-kerala-queens-match-11-kollam…",2019
190,"Indian Railways to implement modern signalling and train control systems https://urbantransportnews.com/indian-railways-to-implement-modern-signalling-and-train-control-systems/… via @
@urbantransnews",2019
191,"આ પહેલની સાથે પેસેન્જર ટ્રેનોના સંચાલનમાં રેલવેની મોનોપોલી પણ ખતમ થવા જઇ રહી છે...
#privatetrains #IndianRailways https://newzviewz.com/gujarati/news-detail/150-private-trains-will-run-on-indian-railways-on-various-routes2…",2019
192,"Mens Finals :Battle of the left corners
Indian Railways captain Cheralathan
vs
CISF led by Surender Nada

Other Big Names - Parvesh Bhainswal, Shrikant Jadhav, Sunil Kumar, Vikash Kandola, Wazir Singh, Deepak Kumar

Score, Commentary and Stats 
https://kabaddiadda.com/tournament/38-deendayal-trophy---kerala-kabaddi-league-season-3-men/match-center/740409/indian-railways-vs-cisf-match-9-kollam…",2019
193,"Railways' monopoly in trains to end soon
https://economictimes.indiatimes.com/industry/transportation/railways/indian-railways-150-private-trains-to-run-on-100-routes/articleshow/73011575.cms…",2019
194,"Indian Railways: 150 Private trains to run on 100 routes http://ecoti.in/BPG9hb via 
@economictimes",2019
195,"The railways’ revenue this year is estimated to fall short of its target by more than Rs 20,000 crore. 

It's quite evident that the present organisational structure is just not delivering. #BQOpinion 
http://bit.ly/37dtnpy",2019
196,"Should Indian Railways be privatised to prevent it from going the Air India way?  https://theprint.in/talk-point/should-indian-railways-be-privatised-to-prevent-it-from-going-the-air-india-way/341685/… via 
@ThePrintIndia
@smart_mumbaikar
 @RidlrMUM
 @LocalPressCo
 @rajtoday
 @MumbaiMirror
 @mumbaimatterz
 @Bindas_Bol_
 @IndianRailMedia
 @MeMumbaikar8
 @WeAreMumbai
 @RailMinIndia",2019
197,"New Him Darshan Express train starts between Kalka and Shimla - A Christmas gift from Indian Railways - The... http://ecoti.in/9ZIV6Z via 
@economictimes",2019
198,"The second premium Tejas train of the 
@IRCTCofficial
 , the tourism and catering arm of the Indian Railways, is ready to run between Ahmedabad and Mumbai and will be launched on January 17  https://trib.al/k2pSdG6",2019
199,"Indian Railways: 150 private trains to run on 100 routes. Path has been cleared to engage private operators to end Railways' long monopoly in running passenger trains.
@shantanunandan2
 https://m.economictimes.com/industry/transportation/railways/indian-railways-150-private-trains-to-run-on-100-routes/articleshow/73011575.cms…",2019
200,"Indian Railways has selected 100 routes to run 150 private passenger train rakes
@RailNf
 @RailMinIndia
 @EasternRailway
 @WesternRly
 @PiyushGoyal
 
https://nenow.in/north-east-news/2-private-trains-to-run-from-guwahati-to-outside-northeast.html…",2019
